  
{
	"name": "AzuraCast Dev Environment",
	"dockerFile": "Dockerfile",
	"runArgs": ["--init"],
	"mounts": [ "source=/var/run/docker.sock,target=/var/run/docker-host.sock,type=bind" ],
	"overrideCommand": false,
	
	// Use this environment variable if you need to bind mount your local source code into a new container.
	"remoteEnv": {
		"LOCAL_WORKSPACE_FOLDER": "${localWorkspaceFolder}"
	},

	// Set *default* container specific settings.json values on container create.
	"settings": {},

	// Add the IDs of extensions you want installed when the container is created.
	"extensions": [
		"ms-azuretools.vscode-docker",
		"bmewburn.vscode-intelephense-client",
		"editorconfig.editorconfig"
	],
	
	// Use 'forwardPorts' to make a list of ports inside the container available locally.
	"forwardPorts": [
		10080
	],

	// Use 'postCreateCommand' to run commands after the container is created.
	"postCreateCommand": ["bash", ".devcontainer/devsetup.sh"],

	// Comment out connect as root instead. More info: https://aka.ms/vscode-remote/containers/non-root.
	"remoteUser": "vscode"
}
